<?xml version="1.0"?>
<odoo>
    <data>
        <record id="view_form_todo_task_ui" model="ir.ui.view">
            <field name="name">view_form_todo_task_ui</field>
            <field name="model">todo.task</field>
            <field name="priority">10</field>
            <field name="arch" type="xml">
                <form> 
                    <header> 
                        <!-- Buttons and status widget --> 
                        <field name="stage_state" invisible="True" />
                        <button name="do_toggle_done" type="object" 
                            attrs="{'invisible':[('stage_state','in',['done','cancel'])]}"
                            string="Toggle Done" class="oe_highlight" />
                        <!-- Add stage statusbar: -->
                        <field name="stage_id" widget="statusbar" 
                            clickable="True" options="{'fold_field': 'fold'}" />
                    </header>

                    <sheet> 
                        <!-- Form content --> 
                        <div class="oe_title">
                            <label for="name" class="oe_edit_only"/>
                            <h1><field name="name"/></h1>
                            <h3>
                                <span class="oe_read_only">By</span>
                                <label for="user_id" class="oe_edit_only"/>
                                <field name="user_id" class="oe_inline" />
                            </h3>
                        </div>

                        <!-- Smart Button -->
                        <div name="buttons" class="oe_right oe_button_box">
                            <button class="oe_stat_button"
                                type="action" icon="fa-tasks"
                                name="%(todo_app.action_todo_task)d"
                                string=""
                                context="{'search_default_user_id': user_id,
                                'default_user_id': user_id}"
                                help="Other to-dos for this user" >
                                <field string="To-dos" name="user_todo_count" widget="statinfo"/>
                            </button>
                        </div>

                        <!-- Details -->
                        <group name="group_top">
                            <group name="group_left">
                                <field name="date_deadline" />
                                <separator string="Reference" />
                            </group>
                                <group name="group_right">
                                <field name="tag_ids" widget="many2many_tags"/>
                            </group>
                        </group>

                        <notebook>
                            <page name="first_page" string="First Page" >
                                <field name="user_id" />
                            </page>
                            <page name="second_page" string="Second Page">
                                <field name="user_id" />
                            </page>
                            <page name="third_page" string="Third Page">
                                <field name="user_id" />
                            </page>
                        </notebook>

                    </sheet>

                    <!-- History and communication: -->
                    <div class="oe_chatter">
                        <field name="message_follower_ids" widget="mail_followers" />
                        <field name="message_ids" widget="mail_thread" />
                    </div> 
                </form>
            </field>
        </record>

        <record id="todo_app.view_tree_todo_task" model="ir.ui.view">
            <field name="name">To-do Task Tree</field>
            <field name="model">todo.task</field>
            <field name="arch" type="xml">
                <tree editable="bottom">
                    <field name="name"/>
                    <field name="user_id"/>
                </tree>
            </field>
        </record>

        <record id="todo_app.view_filter_todo_task" model="ir.ui.view">
            <field name="name">To-do Task Filter</field>
            <field name="model">todo.task</field>
            <field name="arch" type="xml">
                <search>
                    <field name="name" domain_filter="['|',     ('name','ilike',self),('user_id','ilike',self)]"/>
                    <field name="user_id"/>
                    <filter name="filter_not_done" string="Not Done"
                        domain="[('is_done','=',False)]"/>
                    <filter name="filter_done" string="Done"
                        domain="[('is_done','!=',False)]"/>
                    <separator/>
                    <filter name="group_user" string="By User"
                        context="{'group_by': 'user_id'}"/>
                </search>
            </field>
        </record>

        <act_window id="action_todo_stage" 
            name="To-Do Task Stages" 
            res_model="todo.task.stage" 
            view_mode="tree,form" />
        
        <act_window id="todo_app.action_todo_task" 
            name=" To-Do Tasks" 
            res_model="todo.task" 
            view_mode="tree,form" 
            target="current" 
            context="{'default_user_id': uid}"
            domain="[]"
            limit="80" />
        
        <act_window id="action_todo_task_stage" 
            name="To-Do Task Stages" 
            res_model="todo.task.stage" 
            src_model="todo.task"
            multi="False"/> 

        <menuitem id="menu_todo_task_main" 
            name="To-Do" parent="mail.mail_channel_menu_root_chat" /> 
        
        <menuitem id="todo_app.menu_todo_task" 
            name="To-Do Tasks" 
            parent="menu_todo_task_main" 
            sequence="10" 
            action="todo_app.action_todo_task" /> 
        
        <menuitem id="menu_todo_task_stage" 
            name="To-Do Stages" 
            parent="menu_todo_task_main" 
            sequence="20" 
            action="action_todo_stage" />
    </data>
</odoo>