<?xml version="1.0"?>
<openerp>
    <data>
        <record id="view_filter_todo_task" model="ir.ui.view">
            <field name="name">To-do Task Filter</field>
            <field name="model">todo.task</field>
            <field name="arch" type="xml">
                <search>
                    <field name="name"/>
                    <filter domain="[('is_done','=',False)]" string="Not Done"/>
                    <filter domain="[('is_done','!=',False)]" string="Done"/>
                </search>
            </field>
        </record>
        
        <record id="view_tree_todo_task" model="ir.ui.view">
            <field name="name">To-do Task Tree</field>
            <field name="model">todo.task</field>
            <field name="arch" type="xml">
                <tree>
                    <field name="name"/>
                    <field name="is_done"/>
                </tree>
            </field>
        </record>
        <record id="view_form_todo_task" model="ir.ui.view">
            <field name="name">To-do Task Form</field>
            <field name="model">todo.task</field>
            <field name="arch" type="xml">
                <form>
                    <header>
                        <button class="oe_highlight" name="do_toggle_done" string="Toggle Done" type="object"/>
                        <button name="do_clear_done" string="Clear All Done" type="object"/>
                    </header>
                    <sheet>
                        <group name="group_top">
                            <group name="group_left">
                                <field name="name"/>
                            </group>
                            <group name="group_right">
                                <field name="is_done"/>
                                <field name="active" readonly="1"/>
                            </group>
                        </group>
                    </sheet>
                </form>
            </field>
        </record>
        <!-- Action to open To-do Task list -->
        <act_window id="action_todo_task" name="To-do Task" res_model="todo.task" view_mode="tree,form"/>
        
        <!-- Menu item to open To-do Task list -->
        <menuitem action="action_todo_task" id="menu_todo_task" name="To-Do Tasks" parent="mail.mail_channel_menu_root_chat" sequence="20"/>
    </data>
</openerp>